minute_before_kickoff,arrivals_count_mean,arrivals_count_sd,arrival_rate_pct_mean,arrival_rate_pct_sd,total_queue_length_mean,total_queue_length_sd,queue_pct_of_pre_kickoff_max
-180,0.000000,0.000000,0.000000,0.000000,0.000000,0.000000,0.000000
-179,0.000000,0.000000,0.000000,0.000000,0.000000,0.000000,0.000000
-178,0.000000,0.000000,0.000000,0.000000,0.000000,0.000000,0.000000
-177,0.000000,0.000000,0.000000,0.000000,0.000000,0.000000,0.000000
-176,0.000000,0.000000,0.000000,0.000000,0.000000,0.000000,0.000000
-175,0.000000,0.000000,0.000000,0.000000,0.000000,0.000000,0.000000
-174,0.000000,0.000000,0.000000,0.000000,0.000000,0.000000,0.000000
-173,0.000000,0.000000,0.000000,0.000000,0.000000,0.000000,0.000000
-172,0.000000,0.000000,0.000000,0.000000,0.000000,0.000000,0.000000
-171,0.000000,0.000000,0.000000,0.000000,0.000000,0.000000,0.000000
-170,0.000000,0.000000,0.000000,0.000000,0.000000,0.000000,0.000000
-169,0.000000,0.000000,0.000000,0.000000,0.000000,0.000000,0.000000
-168,0.000000,0.000000,0.000000,0.000000,0.000000,0.000000,0.000000
-167,0.000000,0.000000,0.000000,0.000000,0.000000,0.000000,0.000000
-166,0.000000,0.000000,0.000000,0.000000,0.000000,0.000000,0.000000
-165,0.000000,0.000000,0.000000,0.000000,0.000000,0.000000,0.000000
-164,0.000000,0.000000,0.000000,0.000000,0.000000,0.000000,0.000000
-163,0.000000,0.000000,0.000000,0.000000,0.000000,0.000000,0.000000
-162,0.000000,0.000000,0.000000,0.000000,0.000000,0.000000,0.000000
-161,0.000000,0.000000,0.000000,0.000000,0.000000,0.000000,0.000000
-160,0.000000,0.000000,0.000000,0.000000,0.000000,0.000000,0.000000
-159,0.000000,0.000000,0.000000,0.000000,0.000000,0.000000,0.000000
-158,0.000000,0.000000,0.000000,0.000000,0.000000,0.000000,0.000000
-157,0.000000,0.000000,0.000000,0.000000,0.000000,0.000000,0.000000
-156,0.000000,0.000000,0.000000,0.000000,0.000000,0.000000,0.000000
-155,0.000000,0.000000,0.000000,0.000000,0.000000,0.000000,0.000000
-154,0.000000,0.000000,0.000000,0.000000,0.000000,0.000000,0.000000
-153,0.000000,0.000000,0.000000,0.000000,0.000000,0.000000,0.000000
-152,0.000000,0.000000,0.000000,0.000000,0.000000,0.000000,0.000000
-151,0.000000,0.000000,0.000000,0.000000,0.000000,0.000000,0.000000
-150,0.000000,0.000000,0.000000,0.000000,0.000000,0.000000,0.000000
-149,0.000000,0.000000,0.000000,0.000000,0.000000,0.000000,0.000000
-148,0.000000,0.000000,0.000000,0.000000,0.000000,0.000000,0.000000
-147,0.066667,0.253708,0.000444,0.001691,0.000000,0.000000,0.000000
-146,0.133333,0.345746,0.000889,0.002305,0.000000,0.000000,0.000000
-145,0.900000,0.803012,0.006000,0.005353,0.066667,0.365148,0.002370
-144,1.900000,1.241523,0.012667,0.008277,0.300000,0.952311,0.010664
-143,2.700000,1.744943,0.018000,0.011633,0.666667,1.124441,0.023699
-142,4.766667,1.887953,0.031778,0.012586,1.533333,2.445733,0.054507
-141,7.166667,3.174069,0.047778,0.021160,2.733333,2.839783,0.097164
-140,9.333333,2.974992,0.062222,0.019833,3.866667,3.461446,0.137452
-139,10.633333,2.658536,0.070889,0.017724,6.200000,3.726883,0.220397
-138,12.433333,2.824564,0.082889,0.018830,9.033333,4.612452,0.321117
-137,13.433333,3.147887,0.089556,0.020986,11.200000,2.929046,0.398137
-136,15.600000,2.835733,0.104000,0.018905,13.166667,2.533681,0.468048
-135,16.566667,4.376137,0.110444,0.029174,15.066667,2.728310,0.535589
-134,16.733333,2.947042,0.111556,0.019647,16.833333,2.730206,0.598391
-133,17.533333,3.785028,0.116889,0.025234,17.500000,2.029948,0.622090
-132,18.300000,4.371932,0.122000,0.029146,18.466667,2.330211,0.656453
-131,18.900000,4.381387,0.126000,0.029209,19.666667,2.170862,0.699110
-130,21.366667,4.122966,0.142444,0.027486,20.100000,2.832691,0.714514
-129,22.200000,3.556441,0.148000,0.023710,20.966667,2.189053,0.745322
-128,23.000000,3.991370,0.153333,0.026609,21.333333,2.138858,0.758357
-127,22.066667,4.076284,0.147111,0.027175,21.933333,2.288402,0.779686
-126,27.100000,4.404935,0.180667,0.029366,23.466667,2.648791,0.834192
-125,28.833333,4.668924,0.192222,0.031126,24.033333,2.846454,0.854336
-124,31.466667,5.380253,0.209778,0.035868,25.066667,2.612085,0.891069
-123,31.566667,5.893792,0.210444,0.039292,25.266667,2.476557,0.898179
-122,32.800000,4.957753,0.218667,0.033052,26.933333,2.887946,0.957425
-121,33.066667,5.794964,0.220444,0.038633,28.166667,3.074739,1.001268
-120,36.733333,5.330028,0.244889,0.035534,29.033333,3.498604,1.032076
-119,39.200000,5.567145,0.261333,0.037114,30.333333,4.301831,1.078288
-118,40.166667,7.400295,0.267778,0.049335,31.333333,4.794633,1.113836
-117,42.266667,7.026714,0.281778,0.046845,33.233333,4.523375,1.181378
-116,44.966667,4.205771,0.299778,0.028038,34.500000,4.811982,1.226405
-115,45.066667,6.817489,0.300444,0.045450,35.433333,5.049297,1.259583
-114,48.600000,6.688126,0.324000,0.044588,39.366667,6.820271,1.399405
-113,48.633333,7.117164,0.324222,0.047448,42.133333,6.931852,1.497755
-112,51.633333,8.930704,0.344222,0.059538,44.333333,7.364094,1.575960
-111,55.433333,6.976232,0.369556,0.046508,49.433333,8.152357,1.757255
-110,54.400000,6.891274,0.362667,0.045942,54.966667,9.813725,1.953954
-109,55.400000,6.117245,0.369333,0.040782,62.533333,16.332184,2.222933
-108,57.666667,5.701381,0.384444,0.038009,70.400000,19.182607,2.502577
-107,57.666667,8.404979,0.384444,0.056033,81.800000,17.898950,2.907824
-106,58.500000,6.791222,0.390000,0.045275,89.166667,22.325312,3.169694
-105,64.600000,7.695050,0.430667,0.051300,101.033333,22.974474,3.591530
-104,63.633333,5.880906,0.424222,0.039206,114.900000,23.266596,4.084462
-103,63.966667,7.485542,0.426444,0.049904,130.866667,25.011354,4.652045
-102,64.900000,7.962628,0.432667,0.053084,152.733333,24.682722,5.429360
-101,65.900000,7.927908,0.439333,0.052853,169.800000,23.967507,6.036046
-100,68.800000,9.159130,0.458667,0.061061,189.466667,23.956474,6.735156
-99,70.266667,7.366903,0.468444,0.049113,210.800000,23.180551,7.493512
-98,72.766667,7.636949,0.485111,0.050913,233.866667,19.127040,8.313486
-97,71.700000,7.465553,0.478000,0.049770,252.933333,15.973973,8.991267
-96,70.333333,8.482572,0.468889,0.056550,272.300000,15.122830,9.679713
-95,70.933333,7.843000,0.472889,0.052287,286.166667,14.083699,10.172645
-94,70.366667,8.519686,0.469111,0.056798,300.233333,15.448878,10.672686
-93,71.500000,7.596506,0.476667,0.050643,316.633333,17.229652,11.255673
-92,71.466667,7.262247,0.476444,0.048415,334.966667,19.879782,11.907386
-91,71.900000,5.616171,0.479333,0.037441,352.966667,21.789721,12.547249
-90,70.800000,6.353929,0.472000,0.042360,369.966667,25.066097,13.151565
-89,73.400000,5.775095,0.489333,0.038501,390.366667,21.614943,13.876743
-88,72.333333,6.854816,0.482222,0.045699,404.833333,17.700737,14.391004
-87,72.500000,7.375402,0.483333,0.049169,425.566667,17.159864,15.128032
-86,74.200000,8.001724,0.494667,0.053345,439.233333,18.039580,15.613854
-85,70.600000,8.616744,0.470667,0.057445,454.466667,14.926795,16.155368
-84,74.066667,8.661979,0.493778,0.057747,472.466667,17.335897,16.795232
-83,78.066667,7.206000,0.520444,0.048040,489.233333,18.397307,17.391253
-82,78.166667,6.373887,0.521111,0.042493,504.600000,16.957553,17.937507
-81,79.966667,7.871745,0.533111,0.052478,520.866667,17.810755,18.515754
-80,84.533333,9.190450,0.563556,0.061270,545.566667,22.216309,19.393789
-79,82.900000,10.035626,0.552667,0.066904,571.700000,26.732584,20.322776
-78,85.333333,7.849153,0.568889,0.052328,596.000000,24.382017,21.186591
-77,89.633333,8.743405,0.597556,0.058289,618.800000,28.117242,21.997085
-76,90.400000,7.472248,0.602667,0.049815,644.133333,28.106611,22.897634
-75,90.066667,8.808042,0.600444,0.058720,675.566667,30.004233,24.015025
-74,89.900000,9.966669,0.599333,0.066444,707.433333,33.398000,25.147820
-73,93.666667,10.700736,0.624444,0.071338,740.233333,36.025550,26.313794
-72,94.800000,7.145773,0.632000,0.047638,774.866667,38.158231,27.544939
-71,90.600000,8.992717,0.604000,0.059951,809.266667,42.164647,28.767789
-70,95.800000,8.205969,0.638667,0.054706,845.600000,42.400878,30.059365
-69,96.700000,6.592315,0.644667,0.043949,879.266667,43.691657,31.256147
-68,99.366667,9.367896,0.662444,0.062453,913.966667,46.031086,32.489661
-67,100.133333,9.922921,0.667556,0.066153,944.833333,46.444690,33.586909
-66,102.400000,10.463730,0.682667,0.069758,979.366667,46.593239,34.814499
-65,102.233333,12.024926,0.681556,0.080166,1015.766667,46.153181,36.108445
-64,104.133333,10.281330,0.694222,0.068542,1052.933333,48.079627,37.429645
-63,107.500000,8.431264,0.716667,0.056208,1089.900000,52.160462,38.743735
-62,103.133333,9.061983,0.687556,0.060413,1123.566667,55.949906,39.940516
-61,109.566667,8.475862,0.730444,0.056506,1158.166667,56.691594,41.170476
-60,108.300000,9.255567,0.722000,0.061704,1193.900000,55.056930,42.440724
-59,107.800000,8.707508,0.718667,0.058050,1225.600000,56.298221,43.567594
-58,106.633333,7.792496,0.710889,0.051950,1259.866667,55.104123,44.785705
-57,106.566667,11.415909,0.710444,0.076106,1290.066667,55.945745,45.859254
-56,107.500000,10.578932,0.716667,0.070526,1324.433333,53.522592,47.080919
-55,110.033333,9.481319,0.733556,0.063209,1355.266667,54.155544,48.176982
-54,108.700000,8.749975,0.724667,0.058333,1387.200000,54.805864,49.312147
-53,107.600000,9.327749,0.717333,0.062185,1421.266667,50.726402,50.523148
-52,106.833333,9.917186,0.712222,0.066115,1455.666667,49.295263,51.745998
-51,105.466667,9.590704,0.703111,0.063938,1487.366667,46.953743,52.872869
-50,110.233333,10.108662,0.734889,0.067391,1524.900000,50.438320,54.207102
-49,106.766667,8.261599,0.711778,0.055077,1557.400000,53.323735,55.362412
-48,106.766667,8.467721,0.711778,0.056451,1590.266667,54.193099,56.530755
-47,106.200000,8.048988,0.708000,0.053660,1624.666667,51.813547,57.753605
-46,110.366667,9.238164,0.735778,0.061588,1657.400000,53.601081,58.917209
-45,109.600000,9.481743,0.730667,0.063212,1686.533333,53.578002,59.952840
-44,107.300000,8.971795,0.715333,0.059812,1721.533333,54.644767,61.197019
-43,108.833333,8.694363,0.725556,0.057962,1757.200000,52.048651,62.464896
-42,106.200000,8.095976,0.708000,0.053973,1788.400000,50.856526,63.573993
-41,110.033333,12.229087,0.733556,0.081527,1827.133333,51.370684,64.950885
-40,109.466667,10.598417,0.729778,0.070656,1860.333333,52.389347,66.131077
-39,108.366667,11.065583,0.722444,0.073771,1896.166667,53.943830,67.404880
-38,109.166667,11.188305,0.727778,0.074589,1927.600000,53.159227,68.522271
-37,105.800000,7.401771,0.705333,0.049345,1964.633333,50.617895,69.838731
-36,108.466667,8.270151,0.723111,0.055134,1996.966667,50.436360,70.988115
-35,109.633333,9.226959,0.730889,0.061513,2031.566667,54.510159,72.218075
-34,108.066667,6.715568,0.720444,0.044770,2065.433333,56.931104,73.421966
-33,106.000000,7.413873,0.706667,0.049426,2099.233333,56.917777,74.623488
-32,110.266667,8.685832,0.735111,0.057906,2132.100000,58.390097,75.791831
-31,106.600000,8.194195,0.710667,0.054628,2166.800000,55.472516,77.025346
-30,107.666667,8.647636,0.717778,0.057651,2199.533333,57.360165,78.188949
-29,107.633333,7.845417,0.717556,0.052303,2235.033333,53.483148,79.450902
-28,108.666667,9.635900,0.724444,0.064239,2270.666667,49.872481,80.717595
-27,106.666667,11.262796,0.711111,0.075085,2304.300000,50.748297,81.913192
-26,107.300000,7.661593,0.715333,0.051077,2336.266667,53.751621,83.049542
-25,106.833333,8.325629,0.712222,0.055504,2369.900000,52.729204,84.245139
-24,110.200000,9.686108,0.734667,0.064574,2403.000000,51.661364,85.421777
-23,109.166667,7.446746,0.727778,0.049645,2436.533333,50.500074,86.613819
-22,108.466667,10.361511,0.723111,0.069077,2473.100000,49.475421,87.913690
-21,107.333333,7.813928,0.715556,0.052093,2512.166667,47.946870,89.302430
-20,106.966667,9.532099,0.713111,0.063547,2546.333333,46.264855,90.516986
-19,107.966667,7.958874,0.719778,0.053059,2582.066667,43.386740,91.787234
-18,108.100000,7.269919,0.720667,0.048466,2616.966667,39.149125,93.027858
-17,109.233333,9.130031,0.728222,0.060867,2652.033333,38.748066,94.274407
-16,110.733333,10.282001,0.738222,0.068547,2685.533333,34.851145,95.465264
-15,106.366667,10.659247,0.709111,0.071062,2718.866667,34.251336,96.650196
-14,106.566667,8.011558,0.710444,0.053410,2751.200000,34.182472,97.799581
-13,104.966667,10.794262,0.699778,0.071962,2786.933333,34.324952,99.069828
-12,108.733333,8.382796,0.724889,0.055885,2809.700000,37.932017,99.879137
-11,110.133333,8.920079,0.734222,0.059467,2813.100000,38.165113,100.000000
-10,110.066667,11.057634,0.733778,0.073718,2798.366667,38.766750,99.476260
-9,107.500000,9.023915,0.716667,0.060159,2765.733333,40.541110,98.316211
-8,107.833333,9.741781,0.718889,0.064945,2720.733333,42.221038,96.716552
-7,106.066667,9.965227,0.707111,0.066435,2666.700000,40.958474,94.795777
-6,107.800000,8.778500,0.718667,0.058523,2603.333333,40.408546,92.543220
-5,108.500000,11.116158,0.723333,0.074108,2533.133333,38.473218,90.047753
-4,107.266667,8.768806,0.715111,0.058459,2455.100000,40.325700,87.273826
-3,108.166667,11.070568,0.721111,0.073804,2374.100000,39.149889,84.394440
-2,109.700000,10.898118,0.731333,0.072654,2287.866667,40.136606,81.329020
-1,107.500000,8.245166,0.716667,0.054968,2197.900000,40.887862,78.130888
0,108.500000,11.563170,0.723333,0.077088,2103.900000,41.391612,74.789378
1,108.300000,10.488582,0.722000,0.069924,2009.000000,40.550522,71.415876
2,107.200000,11.448234,0.714667,0.076322,1911.366667,40.951176,67.945209
3,106.666667,9.121151,0.711111,0.060808,1811.666667,41.543773,64.401076
4,108.066667,8.749121,0.720444,0.058327,1710.766667,41.892048,60.814286
5,109.700000,9.150655,0.731333,0.061004,1607.966667,41.681455,57.159954
6,108.833333,9.199263,0.725556,0.061328,1505.766667,41.545723,53.526951
7,106.200000,9.484652,0.708000,0.063231,1401.700000,41.571003,49.827592
8,107.366667,9.953282,0.715778,0.066355,1297.066667,41.511887,46.108090
9,107.166667,10.547375,0.714444,0.070316,1192.300000,41.438072,42.383847
10,108.100000,7.953962,0.720667,0.053026,1086.866667,41.369432,38.635906
11,111.400000,10.260739,0.742667,0.068405,981.000000,41.603216,34.872561
12,107.633333,10.778277,0.717556,0.071855,874.600000,41.532372,31.090256
13,108.033333,11.654460,0.720222,0.077696,767.933333,41.500256,27.298473
14,109.100000,9.106080,0.727333,0.060707,661.233333,41.386057,23.505504
15,107.100000,9.147640,0.714000,0.060984,554.300000,41.220308,19.704241
16,107.300000,8.494014,0.715333,0.056627,452.100000,37.085502,16.071238
17,107.666667,9.682310,0.717778,0.064549,361.733333,34.142635,12.858886
18,110.833333,8.250740,0.738889,0.055005,279.166667,28.832553,9.923809
19,103.600000,8.612741,0.690667,0.057418,206.366667,27.309823,7.335916
20,108.333333,8.121208,0.722222,0.054141,134.366667,27.309823,4.776463
21,108.833333,12.421015,0.725556,0.082807,64.633333,24.240865,2.297584
22,107.566667,8.885026,0.717111,0.059234,23.500000,9.276407,0.835377
23,109.066667,10.705891,0.727111,0.071373,5.466667,5.929083,0.194329
24,109.033333,10.971698,0.726889,0.073145,0.100000,0.547723,0.003555
25,110.400000,9.445305,0.736000,0.062969,0.000000,0.000000,0.000000
26,108.433333,11.331017,0.722889,0.075540,0.000000,0.000000,0.000000
27,105.766667,9.227707,0.705111,0.061518,0.000000,0.000000,0.000000
28,106.200000,9.338094,0.708000,0.062254,0.000000,0.000000,0.000000
29,104.600000,9.704603,0.697333,0.064697,0.000000,0.000000,0.000000
30,102.266667,8.374565,0.681778,0.055830,0.000000,0.000000,0.000000
31,86.833333,10.573498,0.578889,0.070490,0.000000,0.000000,0.000000
32,72.000000,10.722197,0.480000,0.071481,0.000000,0.000000,0.000000
33,54.333333,10.326843,0.362222,0.068846,0.000000,0.000000,0.000000
34,38.233333,7.713326,0.254889,0.051422,0.000000,0.000000,0.000000
35,25.100000,7.241404,0.167333,0.048276,0.000000,0.000000,0.000000
36,15.800000,4.172157,0.105333,0.027814,0.000000,0.000000,0.000000
37,9.700000,3.485438,0.064667,0.023236,0.000000,0.000000,0.000000
38,5.666667,2.022858,0.037778,0.013486,0.000000,0.000000,0.000000
39,3.466667,2.192988,0.023111,0.014620,0.000000,0.000000,0.000000
40,1.833333,1.234094,0.012222,0.008227,0.000000,0.000000,0.000000
41,0.800000,0.996546,0.005333,0.006644,0.000000,0.000000,0.000000
42,0.300000,0.534983,0.002000,0.003567,0.000000,0.000000,0.000000
43,0.100000,0.305129,0.000667,0.002034,0.000000,0.000000,0.000000
44,0.066667,0.253708,0.000444,0.001691,0.000000,0.000000,0.000000
45,0.000000,0.000000,0.000000,0.000000,0.000000,0.000000,0.000000
46,0.000000,0.000000,0.000000,0.000000,0.000000,0.000000,0.000000
47,0.000000,0.000000,0.000000,0.000000,0.000000,0.000000,0.000000
48,0.000000,0.000000,0.000000,0.000000,0.000000,0.000000,0.000000
49,0.000000,0.000000,0.000000,0.000000,0.000000,0.000000,0.000000
50,0.000000,0.000000,0.000000,0.000000,0.000000,0.000000,0.000000
51,0.000000,0.000000,0.000000,0.000000,0.000000,0.000000,0.000000
52,0.000000,0.000000,0.000000,0.000000,0.000000,0.000000,0.000000
53,0.000000,0.000000,0.000000,0.000000,0.000000,0.000000,0.000000
54,0.000000,0.000000,0.000000,0.000000,0.000000,0.000000,0.000000
55,0.000000,0.000000,0.000000,0.000000,0.000000,0.000000,0.000000
56,0.000000,0.000000,0.000000,0.000000,0.000000,0.000000,0.000000
57,0.000000,0.000000,0.000000,0.000000,0.000000,0.000000,0.000000
58,0.000000,0.000000,0.000000,0.000000,0.000000,0.000000,0.000000
59,0.000000,0.000000,0.000000,0.000000,0.000000,0.000000,0.000000
60,0.000000,0.000000,0.000000,0.000000,0.000000,0.000000,0.000000
